[{"model": "admin.logentry", "pk": 1, "fields": {"action_time": "2021-09-30T06:47:00.949Z", "user": 1, "content_type": 7, "object_id": "1", "object_repr": "urbanattiva.example.com", "action_flag": 2, "change_message": "[{\"changed\": {\"fields\": [\"Domain name\", \"Display name\"]}}]"}}, {"model": "admin.logentry", "pk": 2, "fields": {"action_time": "2021-09-30T06:54:54.633Z", "user": 1, "content_type": 8, "object_id": "1", "object_repr": "uasuperuser@anemail.com", "action_flag": 2, "change_message": "[{\"changed\": {\"fields\": [\"Verified\", \"Primary\"]}}]"}}, {"model": "admin.logentry", "pk": 3, "fields": {"action_time": "2021-10-05T21:04:45.519Z", "user": 1, "content_type": 14, "object_id": "6", "object_repr": "Running Shoe Example 2", "action_flag": 2, "change_message": "[{\"changed\": {\"fields\": [\"Has sizes\"]}}]"}}, {"model": "admin.logentry", "pk": 4, "fields": {"action_time": "2021-10-07T07:41:11.595Z", "user": 1, "content_type": 16, "object_id": "6", "object_repr": "2B0759CC8C8F443B8821959A84DE609F", "action_flag": 2, "change_message": "[{\"deleted\": {\"name\": \"order line item\", \"object\": \"SKU SKU00005 on order 2B0759CC8C8F443B8821959A84DE609F\"}}]"}}, {"model": "admin.logentry", "pk": 5, "fields": {"action_time": "2021-10-07T07:41:22.057Z", "user": 1, "content_type": 16, "object_id": "6", "object_repr": "2B0759CC8C8F443B8821959A84DE609F", "action_flag": 3, "change_message": ""}}, {"model": "admin.logentry", "pk": 6, "fields": {"action_time": "2021-10-07T07:41:22.467Z", "user": 1, "content_type": 16, "object_id": "5", "object_repr": "F59877DD3D14475785445B3A22E915EC", "action_flag": 3, "change_message": ""}}, {"model": "admin.logentry", "pk": 7, "fields": {"action_time": "2021-10-07T07:41:22.554Z", "user": 1, "content_type": 16, "object_id": "4", "object_repr": "0A6876DC325F49B79CB2FBEC2087DCEE", "action_flag": 3, "change_message": ""}}, {"model": "admin.logentry", "pk": 8, "fields": {"action_time": "2021-10-07T07:41:22.614Z", "user": 1, "content_type": 16, "object_id": "3", "object_repr": "01FDF1F1E4F64BC59AEAB9D32CDE3762", "action_flag": 3, "change_message": ""}}, {"model": "admin.logentry", "pk": 9, "fields": {"action_time": "2021-10-07T07:41:22.668Z", "user": 1, "content_type": 16, "object_id": "2", "object_repr": "BEED1EDE9ED64F0AABB6E230E1989BA9", "action_flag": 3, "change_message": ""}}, {"model": "admin.logentry", "pk": 10, "fields": {"action_time": "2021-10-07T07:41:22.730Z", "user": 1, "content_type": 16, "object_id": "1", "object_repr": "7A68E197ADAA4D579E6256E2F311240C", "action_flag": 3, "change_message": ""}}, {"model": "admin.logentry", "pk": 11, "fields": {"action_time": "2021-10-13T07:56:36.923Z", "user": 1, "content_type": 14, "object_id": "1", "object_repr": "Running Shoe Example 1", "action_flag": 2, "change_message": "[{\"changed\": {\"fields\": [\"Discount percent\", \"Size\"]}}]"}}, {"model": "admin.logentry", "pk": 12, "fields": {"action_time": "2021-10-13T07:57:10.778Z", "user": 1, "content_type": 14, "object_id": "2", "object_repr": "Running Shoe Example 2", "action_flag": 2, "change_message": "[{\"changed\": {\"fields\": [\"Size\"]}}]"}}, {"model": "admin.logentry", "pk": 13, "fields": {"action_time": "2021-10-13T07:57:33.901Z", "user": 1, "content_type": 14, "object_id": "3", "object_repr": "Running Shoe Example 1", "action_flag": 2, "change_message": "[{\"changed\": {\"fields\": [\"Size\"]}}]"}}, {"model": "admin.logentry", "pk": 14, "fields": {"action_time": "2021-10-13T07:57:48.218Z", "user": 1, "content_type": 14, "object_id": "4", "object_repr": "Running Shoe Example 2", "action_flag": 2, "change_message": "[{\"changed\": {\"fields\": [\"Size\"]}}]"}}, {"model": "admin.logentry", "pk": 15, "fields": {"action_time": "2021-10-13T07:58:06.812Z", "user": 1, "content_type": 14, "object_id": "5", "object_repr": "Running Shoe Example 1", "action_flag": 2, "change_message": "[{\"changed\": {\"fields\": [\"Size\"]}}]"}}, {"model": "admin.logentry", "pk": 16, "fields": {"action_time": "2021-10-14T07:41:55.725Z", "user": 1, "content_type": 14, "object_id": "9", "object_repr": "Test 3", "action_flag": 3, "change_message": ""}}, {"model": "admin.logentry", "pk": 17, "fields": {"action_time": "2021-10-14T07:41:55.755Z", "user": 1, "content_type": 14, "object_id": "8", "object_repr": "Test 2", "action_flag": 3, "change_message": ""}}, {"model": "admin.logentry", "pk": 18, "fields": {"action_time": "2021-10-14T07:41:55.786Z", "user": 1, "content_type": 14, "object_id": "7", "object_repr": "Test", "action_flag": 3, "change_message": ""}}, {"model": "admin.logentry", "pk": 19, "fields": {"action_time": "2021-10-14T07:59:07.163Z", "user": 1, "content_type": 14, "object_id": "10", "object_repr": "New product", "action_flag": 3, "change_message": ""}}, {"model": "admin.logentry", "pk": 20, "fields": {"action_time": "2021-10-18T15:42:53.680Z", "user": 1, "content_type": 18, "object_id": "12", "object_repr": "dvdsvdsdasvfvd", "action_flag": 3, "change_message": ""}}, {"model": "admin.logentry", "pk": 21, "fields": {"action_time": "2021-10-18T15:42:53.710Z", "user": 1, "content_type": 18, "object_id": "11", "object_repr": "dvdsvdsdasvfvd", "action_flag": 3, "change_message": ""}}, {"model": "admin.logentry", "pk": 22, "fields": {"action_time": "2021-10-18T15:42:53.745Z", "user": 1, "content_type": 18, "object_id": "10", "object_repr": "dasasdfsf", "action_flag": 3, "change_message": ""}}, {"model": "admin.logentry", "pk": 23, "fields": {"action_time": "2021-10-18T15:42:53.775Z", "user": 1, "content_type": 18, "object_id": "9", "object_repr": "dasasdfsf", "action_flag": 3, "change_message": ""}}, {"model": "admin.logentry", "pk": 24, "fields": {"action_time": "2021-10-18T15:42:53.808Z", "user": 1, "content_type": 18, "object_id": "8", "object_repr": "dasasdfsf", "action_flag": 3, "change_message": ""}}, {"model": "admin.logentry", "pk": 25, "fields": {"action_time": "2021-10-18T15:42:53.840Z", "user": 1, "content_type": 18, "object_id": "7", "object_repr": "dasasdfsf", "action_flag": 3, "change_message": ""}}, {"model": "admin.logentry", "pk": 26, "fields": {"action_time": "2021-10-18T15:42:53.870Z", "user": 1, "content_type": 18, "object_id": "6", "object_repr": "dasasdfsf", "action_flag": 3, "change_message": ""}}, {"model": "admin.logentry", "pk": 27, "fields": {"action_time": "2021-10-18T15:42:53.900Z", "user": 1, "content_type": 18, "object_id": "5", "object_repr": "dasasdfsf", "action_flag": 3, "change_message": ""}}, {"model": "admin.logentry", "pk": 28, "fields": {"action_time": "2021-10-18T15:42:53.930Z", "user": 1, "content_type": 18, "object_id": "4", "object_repr": "xcfvafsavd", "action_flag": 3, "change_message": ""}}, {"model": "admin.logentry", "pk": 29, "fields": {"action_time": "2021-10-18T15:42:53.961Z", "user": 1, "content_type": 18, "object_id": "3", "object_repr": "xcfvafsavd", "action_flag": 3, "change_message": ""}}, {"model": "admin.logentry", "pk": 30, "fields": {"action_time": "2021-10-18T15:42:53.991Z", "user": 1, "content_type": 18, "object_id": "2", "object_repr": "xcfvafsavd", "action_flag": 3, "change_message": ""}}, {"model": "admin.logentry", "pk": 31, "fields": {"action_time": "2021-10-18T15:42:54.020Z", "user": 1, "content_type": 18, "object_id": "1", "object_repr": "xcfvafsavd", "action_flag": 3, "change_message": ""}}, {"model": "admin.logentry", "pk": 32, "fields": {"action_time": "2021-10-19T09:49:26.864Z", "user": 1, "content_type": 20, "object_id": "1", "object_repr": "ProductReview object (1)", "action_flag": 1, "change_message": "[{\"added\": {}}]"}}, {"model": "admin.logentry", "pk": 33, "fields": {"action_time": "2021-10-19T09:49:27.070Z", "user": 1, "content_type": 20, "object_id": "2", "object_repr": "ProductReview object (2)", "action_flag": 1, "change_message": "[{\"added\": {}}]"}}, {"model": "admin.logentry", "pk": 34, "fields": {"action_time": "2021-10-19T09:49:45.325Z", "user": 1, "content_type": 20, "object_id": "2", "object_repr": "ProductReview object (2)", "action_flag": 2, "change_message": "[]"}}, {"model": "admin.logentry", "pk": 35, "fields": {"action_time": "2021-10-19T09:50:01.640Z", "user": 1, "content_type": 20, "object_id": "3", "object_repr": "ProductReview object (3)", "action_flag": 1, "change_message": "[{\"added\": {}}]"}}, {"model": "admin.logentry", "pk": 36, "fields": {"action_time": "2021-10-19T11:54:27.246Z", "user": 1, "content_type": 20, "object_id": "5", "object_repr": "ProductReview object (5)", "action_flag": 2, "change_message": "[]"}}, {"model": "admin.logentry", "pk": 37, "fields": {"action_time": "2021-10-25T10:46:41.530Z", "user": 1, "content_type": 16, "object_id": "100", "object_repr": "4EA987F8C2514FB1A417B1F47D99CF59", "action_flag": 3, "change_message": ""}}, {"model": "admin.logentry", "pk": 38, "fields": {"action_time": "2021-10-25T10:46:41.550Z", "user": 1, "content_type": 16, "object_id": "99", "object_repr": "295D55F3B27442C790AC0CB0E8F9DEF9", "action_flag": 3, "change_message": ""}}, {"model": "admin.logentry", "pk": 39, "fields": {"action_time": "2021-10-25T10:46:41.578Z", "user": 1, "content_type": 16, "object_id": "98", "object_repr": "4144FD16361D4BB4AB701842076A821A", "action_flag": 3, "change_message": ""}}, {"model": "admin.logentry", "pk": 40, "fields": {"action_time": "2021-10-25T10:46:41.604Z", "user": 1, "content_type": 16, "object_id": "97", "object_repr": "555BDDDC059840CEB4C5C774A10C9B7C", "action_flag": 3, "change_message": ""}}, {"model": "admin.logentry", "pk": 41, "fields": {"action_time": "2021-10-25T10:46:41.630Z", "user": 1, "content_type": 16, "object_id": "96", "object_repr": "49F09CA1B47341BDB73F74D9C6826885", "action_flag": 3, "change_message": ""}}, {"model": "admin.logentry", "pk": 42, "fields": {"action_time": "2021-10-25T10:46:41.659Z", "user": 1, "content_type": 16, "object_id": "95", "object_repr": "F9ED85303CAA47BF97551C0E993A4D11", "action_flag": 3, "change_message": ""}}, {"model": "admin.logentry", "pk": 43, "fields": {"action_time": "2021-10-25T10:46:41.683Z", "user": 1, "content_type": 16, "object_id": "94", "object_repr": "9347395DBD6E49D5AAC986061D881B87", "action_flag": 3, "change_message": ""}}, {"model": "admin.logentry", "pk": 44, "fields": {"action_time": "2021-10-25T10:46:41.709Z", "user": 1, "content_type": 16, "object_id": "93", "object_repr": "4035CB0440374FE5BED768F98F62BDE6", "action_flag": 3, "change_message": ""}}, {"model": "admin.logentry", "pk": 45, "fields": {"action_time": "2021-10-25T10:46:41.735Z", "user": 1, "content_type": 16, "object_id": "92", "object_repr": "E5D1097E64734281AEBB64C66D3D8770", "action_flag": 3, "change_message": ""}}, {"model": "admin.logentry", "pk": 46, "fields": {"action_time": "2021-10-25T10:46:41.764Z", "user": 1, "content_type": 16, "object_id": "91", "object_repr": "AAC5CDB6A07049718E0F680FE3C72F93", "action_flag": 3, "change_message": ""}}, {"model": "admin.logentry", "pk": 47, "fields": {"action_time": "2021-10-25T10:46:41.791Z", "user": 1, "content_type": 16, "object_id": "90", "object_repr": "AC5CF0161AE9465E89A95C1FBB3C2516", "action_flag": 3, "change_message": ""}}, {"model": "admin.logentry", "pk": 48, "fields": {"action_time": "2021-10-25T10:46:41.816Z", "user": 1, "content_type": 16, "object_id": "89", "object_repr": "22E8F575FC8948688153241A9B885B9B", "action_flag": 3, "change_message": ""}}, {"model": "admin.logentry", "pk": 49, "fields": {"action_time": "2021-10-25T10:46:41.846Z", "user": 1, "content_type": 16, "object_id": "88", "object_repr": "12B80C67C11E49D7BFAE3E4629D5C7B6", "action_flag": 3, "change_message": ""}}, {"model": "admin.logentry", "pk": 50, "fields": {"action_time": "2021-10-25T10:46:41.872Z", "user": 1, "content_type": 16, "object_id": "87", "object_repr": "6B64DC459CED4DED9690FD21E617E50D", "action_flag": 3, "change_message": ""}}, {"model": "admin.logentry", "pk": 51, "fields": {"action_time": "2021-10-25T10:46:41.899Z", "user": 1, "content_type": 16, "object_id": "86", "object_repr": "8BC74F0DB6CF45C486AAB3B260889A58", "action_flag": 3, "change_message": ""}}, {"model": "admin.logentry", "pk": 52, "fields": {"action_time": "2021-10-25T10:46:41.923Z", "user": 1, "content_type": 16, "object_id": "85", "object_repr": "2167C8CA39F7442087989CB52CD5A16D", "action_flag": 3, "change_message": ""}}, {"model": "admin.logentry", "pk": 53, "fields": {"action_time": "2021-10-25T10:46:41.946Z", "user": 1, "content_type": 16, "object_id": "84", "object_repr": "1743DF257F104EFBA481E8BC62567F7A", "action_flag": 3, "change_message": ""}}, {"model": "admin.logentry", "pk": 54, "fields": {"action_time": "2021-10-25T10:46:41.973Z", "user": 1, "content_type": 16, "object_id": "83", "object_repr": "34B47154CDD0434B837FAAF8FCE13249", "action_flag": 3, "change_message": ""}}, {"model": "admin.logentry", "pk": 55, "fields": {"action_time": "2021-10-25T10:46:42.017Z", "user": 1, "content_type": 16, "object_id": "82", "object_repr": "EF1C9BAE39144E29997AA805B1BEE5BB", "action_flag": 3, "change_message": ""}}, {"model": "admin.logentry", "pk": 56, "fields": {"action_time": "2021-10-25T10:46:42.040Z", "user": 1, "content_type": 16, "object_id": "81", "object_repr": "DCA3EF79AE3C493782F72758FFC62AD3", "action_flag": 3, "change_message": ""}}, {"model": "admin.logentry", "pk": 57, "fields": {"action_time": "2021-10-25T10:46:42.069Z", "user": 1, "content_type": 16, "object_id": "80", "object_repr": "B86FE00BBA1F436AA145B80CD448B305", "action_flag": 3, "change_message": ""}}, {"model": "admin.logentry", "pk": 58, "fields": {"action_time": "2021-10-25T10:46:42.095Z", "user": 1, "content_type": 16, "object_id": "79", "object_repr": "83C4C6C086B94B3D87F21E65D4F9C456", "action_flag": 3, "change_message": ""}}, {"model": "admin.logentry", "pk": 59, "fields": {"action_time": "2021-10-25T10:46:42.119Z", "user": 1, "content_type": 16, "object_id": "78", "object_repr": "31BF7BC8DC3A4FEE972E24B40F5EF1F4", "action_flag": 3, "change_message": ""}}, {"model": "admin.logentry", "pk": 60, "fields": {"action_time": "2021-10-25T10:46:42.144Z", "user": 1, "content_type": 16, "object_id": "77", "object_repr": "FBB7BE3D969447438D7FDF736A95B36E", "action_flag": 3, "change_message": ""}}, {"model": "admin.logentry", "pk": 61, "fields": {"action_time": "2021-10-25T10:46:42.167Z", "user": 1, "content_type": 16, "object_id": "76", "object_repr": "732959B75A794454A1C95C7DDA745F64", "action_flag": 3, "change_message": ""}}, {"model": "admin.logentry", "pk": 62, "fields": {"action_time": "2021-10-25T10:46:42.193Z", "user": 1, "content_type": 16, "object_id": "75", "object_repr": "6C46795C2ECA4579AB6287FF4CB885DB", "action_flag": 3, "change_message": ""}}, {"model": "admin.logentry", "pk": 63, "fields": {"action_time": "2021-10-25T10:46:42.218Z", "user": 1, "content_type": 16, "object_id": "74", "object_repr": "74E7716E6AE84A88AD0A9B67A5C22C9C", "action_flag": 3, "change_message": ""}}, {"model": "admin.logentry", "pk": 64, "fields": {"action_time": "2021-10-25T10:46:42.247Z", "user": 1, "content_type": 16, "object_id": "73", "object_repr": "5A95B277C93041C683A30F887B2DB982", "action_flag": 3, "change_message": ""}}, {"model": "admin.logentry", "pk": 65, "fields": {"action_time": "2021-10-25T10:46:42.274Z", "user": 1, "content_type": 16, "object_id": "72", "object_repr": "FC5C1EAB80944E429C0C772082D2270D", "action_flag": 3, "change_message": ""}}, {"model": "admin.logentry", "pk": 66, "fields": {"action_time": "2021-10-25T10:46:42.298Z", "user": 1, "content_type": 16, "object_id": "71", "object_repr": "DF4C914FC03B474C9B64D2B5B07092F8", "action_flag": 3, "change_message": ""}}, {"model": "admin.logentry", "pk": 67, "fields": {"action_time": "2021-10-25T10:46:42.325Z", "user": 1, "content_type": 16, "object_id": "70", "object_repr": "AD9CAE6661F6435C802E3DA2031B8B39", "action_flag": 3, "change_message": ""}}, {"model": "admin.logentry", "pk": 68, "fields": {"action_time": "2021-10-25T10:46:42.351Z", "user": 1, "content_type": 16, "object_id": "69", "object_repr": "47CA1BFCAC4F49808E22D0EA586C88FA", "action_flag": 3, "change_message": ""}}, {"model": "admin.logentry", "pk": 69, "fields": {"action_time": "2021-10-25T10:46:42.378Z", "user": 1, "content_type": 16, "object_id": "68", "object_repr": "ADF5708C79FE4AF5B03B0F3392ACA813", "action_flag": 3, "change_message": ""}}, {"model": "admin.logentry", "pk": 70, "fields": {"action_time": "2021-10-25T10:46:42.402Z", "user": 1, "content_type": 16, "object_id": "67", "object_repr": "7F1206B02E4A470495E2B11CBB4E623B", "action_flag": 3, "change_message": ""}}, {"model": "admin.logentry", "pk": 71, "fields": {"action_time": "2021-10-25T10:46:42.430Z", "user": 1, "content_type": 16, "object_id": "66", "object_repr": "B3863D8BCC284D9B9332AA096FF2F4CF", "action_flag": 3, "change_message": ""}}, {"model": "admin.logentry", "pk": 72, "fields": {"action_time": "2021-10-25T10:46:42.458Z", "user": 1, "content_type": 16, "object_id": "65", "object_repr": "B2E3AAB485A14CF28717DF37A5091056", "action_flag": 3, "change_message": ""}}, {"model": "admin.logentry", "pk": 73, "fields": {"action_time": "2021-10-25T10:46:42.487Z", "user": 1, "content_type": 16, "object_id": "64", "object_repr": "3446B1AA30CA4B589D2CAC9732AE4B71", "action_flag": 3, "change_message": ""}}, {"model": "admin.logentry", "pk": 74, "fields": {"action_time": "2021-10-25T10:46:42.514Z", "user": 1, "content_type": 16, "object_id": "63", "object_repr": "AA190575679F4066A18DC3C8EC0C6150", "action_flag": 3, "change_message": ""}}, {"model": "admin.logentry", "pk": 75, "fields": {"action_time": "2021-10-25T10:46:42.547Z", "user": 1, "content_type": 16, "object_id": "62", "object_repr": "3C855E4CFB694AB4950C26F60B9F9D7C", "action_flag": 3, "change_message": ""}}, {"model": "admin.logentry", "pk": 76, "fields": {"action_time": "2021-10-25T10:46:42.575Z", "user": 1, "content_type": 16, "object_id": "61", "object_repr": "9474BD76837B4E1CA6CF0BCDDDCDCF3B", "action_flag": 3, "change_message": ""}}, {"model": "admin.logentry", "pk": 77, "fields": {"action_time": "2021-10-25T10:46:42.603Z", "user": 1, "content_type": 16, "object_id": "60", "object_repr": "9C89426E10B2434CA5AB47F77181501D", "action_flag": 3, "change_message": ""}}, {"model": "admin.logentry", "pk": 78, "fields": {"action_time": "2021-10-25T10:46:42.632Z", "user": 1, "content_type": 16, "object_id": "59", "object_repr": "27301CDD82AF42ED96B2AEF513A45E8B", "action_flag": 3, "change_message": ""}}, {"model": "admin.logentry", "pk": 79, "fields": {"action_time": "2021-10-25T10:46:42.660Z", "user": 1, "content_type": 16, "object_id": "58", "object_repr": "E45FDC100DE9419F9F0C2F98899FF5A1", "action_flag": 3, "change_message": ""}}, {"model": "admin.logentry", "pk": 80, "fields": {"action_time": "2021-10-25T10:46:42.690Z", "user": 1, "content_type": 16, "object_id": "57", "object_repr": "E75FA2068B934B55AF1B680AFB47107E", "action_flag": 3, "change_message": ""}}, {"model": "admin.logentry", "pk": 81, "fields": {"action_time": "2021-10-25T10:46:42.721Z", "user": 1, "content_type": 16, "object_id": "56", "object_repr": "9417D35479044842B86433498D3938B6", "action_flag": 3, "change_message": ""}}, {"model": "admin.logentry", "pk": 82, "fields": {"action_time": "2021-10-25T10:46:42.748Z", "user": 1, "content_type": 16, "object_id": "55", "object_repr": "B7FC4427867C4D639D7192CB364B1CA9", "action_flag": 3, "change_message": ""}}, {"model": "admin.logentry", "pk": 83, "fields": {"action_time": "2021-10-25T10:46:42.773Z", "user": 1, "content_type": 16, "object_id": "54", "object_repr": "4E024CE2D8674EDAAC85F061357C6FC5", "action_flag": 3, "change_message": ""}}, {"model": "admin.logentry", "pk": 84, "fields": {"action_time": "2021-10-25T10:46:42.799Z", "user": 1, "content_type": 16, "object_id": "53", "object_repr": "DE1DA7216F2C4B7E99C67689D2D9BA03", "action_flag": 3, "change_message": ""}}, {"model": "admin.logentry", "pk": 85, "fields": {"action_time": "2021-10-25T10:46:42.825Z", "user": 1, "content_type": 16, "object_id": "52", "object_repr": "4A5A2D53C94B44B29AFD48A8904AAE54", "action_flag": 3, "change_message": ""}}, {"model": "admin.logentry", "pk": 86, "fields": {"action_time": "2021-10-25T10:46:42.854Z", "user": 1, "content_type": 16, "object_id": "51", "object_repr": "943DB1F2DFD74B29B109E9A0AA4B469F", "action_flag": 3, "change_message": ""}}, {"model": "admin.logentry", "pk": 87, "fields": {"action_time": "2021-10-25T10:46:42.883Z", "user": 1, "content_type": 16, "object_id": "50", "object_repr": "5A1A87DB8D5C4EBD9FA1CD74644982D7", "action_flag": 3, "change_message": ""}}, {"model": "admin.logentry", "pk": 88, "fields": {"action_time": "2021-10-25T10:46:42.911Z", "user": 1, "content_type": 16, "object_id": "49", "object_repr": "99737F4151744B589E4E58C83A62727E", "action_flag": 3, "change_message": ""}}, {"model": "admin.logentry", "pk": 89, "fields": {"action_time": "2021-10-25T10:46:42.939Z", "user": 1, "content_type": 16, "object_id": "48", "object_repr": "AE5A97252B3440919703B1488A9EB6E9", "action_flag": 3, "change_message": ""}}, {"model": "admin.logentry", "pk": 90, "fields": {"action_time": "2021-10-25T10:46:42.967Z", "user": 1, "content_type": 16, "object_id": "47", "object_repr": "83E4A2868FFF43B29564B7B8A8A87AF7", "action_flag": 3, "change_message": ""}}, {"model": "admin.logentry", "pk": 91, "fields": {"action_time": "2021-10-25T10:46:42.995Z", "user": 1, "content_type": 16, "object_id": "46", "object_repr": "1E12E7FA26B1410E98C97A1E81AA73B1", "action_flag": 3, "change_message": ""}}, {"model": "admin.logentry", "pk": 92, "fields": {"action_time": "2021-10-25T10:46:43.022Z", "user": 1, "content_type": 16, "object_id": "45", "object_repr": "A019E0BCF51D42E2B177C1F112574F52", "action_flag": 3, "change_message": ""}}, {"model": "admin.logentry", "pk": 93, "fields": {"action_time": "2021-10-25T10:46:43.044Z", "user": 1, "content_type": 16, "object_id": "44", "object_repr": "74A5CBC4F8B84E0CA71070700D21FC7A", "action_flag": 3, "change_message": ""}}, {"model": "admin.logentry", "pk": 94, "fields": {"action_time": "2021-10-25T10:46:43.068Z", "user": 1, "content_type": 16, "object_id": "43", "object_repr": "B6988D2C03C246E4B037123D2B70F25B", "action_flag": 3, "change_message": ""}}, {"model": "admin.logentry", "pk": 95, "fields": {"action_time": "2021-10-25T10:46:43.093Z", "user": 1, "content_type": 16, "object_id": "42", "object_repr": "90FA64A81C504DA88A2288AE2BF1D1D1", "action_flag": 3, "change_message": ""}}, {"model": "admin.logentry", "pk": 96, "fields": {"action_time": "2021-10-25T10:46:43.120Z", "user": 1, "content_type": 16, "object_id": "41", "object_repr": "27AF8CBAF9F24B3BA4455BF0A7E157C1", "action_flag": 3, "change_message": ""}}, {"model": "admin.logentry", "pk": 97, "fields": {"action_time": "2021-10-25T10:46:43.148Z", "user": 1, "content_type": 16, "object_id": "40", "object_repr": "DE049DA3B04149218B1D8CE8D3796B21", "action_flag": 3, "change_message": ""}}, {"model": "admin.logentry", "pk": 98, "fields": {"action_time": "2021-10-25T10:46:43.173Z", "user": 1, "content_type": 16, "object_id": "39", "object_repr": "F59F2BE44DB7493D8F70249CC5562A03", "action_flag": 3, "change_message": ""}}, {"model": "admin.logentry", "pk": 99, "fields": {"action_time": "2021-10-25T10:46:43.198Z", "user": 1, "content_type": 16, "object_id": "38", "object_repr": "5DC6BA67AE4847DFA53BC24D45E78BE2", "action_flag": 3, "change_message": ""}}, {"model": "admin.logentry", "pk": 100, "fields": {"action_time": "2021-10-25T10:46:43.227Z", "user": 1, "content_type": 16, "object_id": "37", "object_repr": "B5D97BBF49AB48F29DA389B42F16C5E8", "action_flag": 3, "change_message": ""}}, {"model": "admin.logentry", "pk": 101, "fields": {"action_time": "2021-10-25T10:46:43.252Z", "user": 1, "content_type": 16, "object_id": "36", "object_repr": "3BC27982A97C42FF9217718E6C23D8EA", "action_flag": 3, "change_message": ""}}, {"model": "admin.logentry", "pk": 102, "fields": {"action_time": "2021-10-25T10:46:43.280Z", "user": 1, "content_type": 16, "object_id": "35", "object_repr": "345FD71AA44C4CC7920566EC7530D492", "action_flag": 3, "change_message": ""}}, {"model": "admin.logentry", "pk": 103, "fields": {"action_time": "2021-10-25T10:46:43.308Z", "user": 1, "content_type": 16, "object_id": "34", "object_repr": "80570CD41A2441F39A94EEDDB03AD05A", "action_flag": 3, "change_message": ""}}, {"model": "admin.logentry", "pk": 104, "fields": {"action_time": "2021-10-25T10:46:43.339Z", "user": 1, "content_type": 16, "object_id": "33", "object_repr": "ABC04D6329A74D1286057C4AA3A377D6", "action_flag": 3, "change_message": ""}}, {"model": "admin.logentry", "pk": 105, "fields": {"action_time": "2021-10-25T10:46:43.371Z", "user": 1, "content_type": 16, "object_id": "32", "object_repr": "E2CB65E716924BFB8EDD54B0C9FEDBB7", "action_flag": 3, "change_message": ""}}, {"model": "admin.logentry", "pk": 106, "fields": {"action_time": "2021-10-25T10:46:43.396Z", "user": 1, "content_type": 16, "object_id": "31", "object_repr": "CD388646FE15492BA15B3712E73B11E3", "action_flag": 3, "change_message": ""}}, {"model": "admin.logentry", "pk": 107, "fields": {"action_time": "2021-10-25T10:46:43.421Z", "user": 1, "content_type": 16, "object_id": "30", "object_repr": "6CC6E472F63C4B75B36EAEDE4D2D80CD", "action_flag": 3, "change_message": ""}}, {"model": "admin.logentry", "pk": 108, "fields": {"action_time": "2021-10-25T10:46:43.452Z", "user": 1, "content_type": 16, "object_id": "29", "object_repr": "ABE6BA8656244D33A9A89F9EF087BE61", "action_flag": 3, "change_message": ""}}, {"model": "admin.logentry", "pk": 109, "fields": {"action_time": "2021-10-25T10:46:43.481Z", "user": 1, "content_type": 16, "object_id": "28", "object_repr": "89D4A3CC5654494EAFCF8FFB78F34D73", "action_flag": 3, "change_message": ""}}, {"model": "admin.logentry", "pk": 110, "fields": {"action_time": "2021-10-25T10:46:43.505Z", "user": 1, "content_type": 16, "object_id": "27", "object_repr": "8BE16253C60D4379A07EA55679641611", "action_flag": 3, "change_message": ""}}, {"model": "admin.logentry", "pk": 111, "fields": {"action_time": "2021-10-25T10:46:43.534Z", "user": 1, "content_type": 16, "object_id": "26", "object_repr": "EE622BE51CBC4C34815159DDA0C58F7B", "action_flag": 3, "change_message": ""}}, {"model": "admin.logentry", "pk": 112, "fields": {"action_time": "2021-10-25T10:46:43.565Z", "user": 1, "content_type": 16, "object_id": "25", "object_repr": "EA94D6AD654A442EBB024FCE31ECF35A", "action_flag": 3, "change_message": ""}}, {"model": "admin.logentry", "pk": 113, "fields": {"action_time": "2021-10-25T10:46:43.600Z", "user": 1, "content_type": 16, "object_id": "24", "object_repr": "600053AEBCBB4333A09866534E96457A", "action_flag": 3, "change_message": ""}}, {"model": "admin.logentry", "pk": 114, "fields": {"action_time": "2021-10-25T10:46:43.629Z", "user": 1, "content_type": 16, "object_id": "23", "object_repr": "7CEF0F2DEA44439687FF3B210D4AEB5A", "action_flag": 3, "change_message": ""}}, {"model": "admin.logentry", "pk": 115, "fields": {"action_time": "2021-10-25T10:46:43.653Z", "user": 1, "content_type": 16, "object_id": "22", "object_repr": "F956C11D8A1D4D28929637A3877A1F83", "action_flag": 3, "change_message": ""}}, {"model": "admin.logentry", "pk": 116, "fields": {"action_time": "2021-10-25T10:46:43.691Z", "user": 1, "content_type": 16, "object_id": "21", "object_repr": "C069457503E54D11B313E168D6C2FA22", "action_flag": 3, "change_message": ""}}, {"model": "admin.logentry", "pk": 117, "fields": {"action_time": "2021-10-25T10:46:43.723Z", "user": 1, "content_type": 16, "object_id": "20", "object_repr": "A1108CB9C3D648F896318B27FB785417", "action_flag": 3, "change_message": ""}}, {"model": "admin.logentry", "pk": 118, "fields": {"action_time": "2021-10-25T10:46:43.752Z", "user": 1, "content_type": 16, "object_id": "19", "object_repr": "5C3E84EA3B7343198DF9B46407C20FC3", "action_flag": 3, "change_message": ""}}, {"model": "admin.logentry", "pk": 119, "fields": {"action_time": "2021-10-25T10:46:43.780Z", "user": 1, "content_type": 16, "object_id": "18", "object_repr": "4A8B31A293E3461EBAF1F45A77E5F2C9", "action_flag": 3, "change_message": ""}}, {"model": "admin.logentry", "pk": 120, "fields": {"action_time": "2021-10-25T10:46:43.811Z", "user": 1, "content_type": 16, "object_id": "17", "object_repr": "A43CE84548084CD59140E89B2763CAA8", "action_flag": 3, "change_message": ""}}, {"model": "admin.logentry", "pk": 121, "fields": {"action_time": "2021-10-25T10:46:43.841Z", "user": 1, "content_type": 16, "object_id": "16", "object_repr": "35C1478545924A3BA44F07BD275A19BF", "action_flag": 3, "change_message": ""}}, {"model": "admin.logentry", "pk": 122, "fields": {"action_time": "2021-10-25T10:46:43.868Z", "user": 1, "content_type": 16, "object_id": "15", "object_repr": "7843515C60A94FB493F352B682363936", "action_flag": 3, "change_message": ""}}, {"model": "admin.logentry", "pk": 123, "fields": {"action_time": "2021-10-25T10:46:43.895Z", "user": 1, "content_type": 16, "object_id": "14", "object_repr": "3A53F35F5A224A0EB294D663C0A1D1C3", "action_flag": 3, "change_message": ""}}, {"model": "admin.logentry", "pk": 124, "fields": {"action_time": "2021-10-25T10:46:43.930Z", "user": 1, "content_type": 16, "object_id": "13", "object_repr": "448C13C88F6743BFA906F4C8DFD90C9E", "action_flag": 3, "change_message": ""}}, {"model": "admin.logentry", "pk": 125, "fields": {"action_time": "2021-10-25T10:46:43.963Z", "user": 1, "content_type": 16, "object_id": "12", "object_repr": "199906DE93354800BCF95A72C90D9062", "action_flag": 3, "change_message": ""}}, {"model": "admin.logentry", "pk": 126, "fields": {"action_time": "2021-10-25T10:46:43.994Z", "user": 1, "content_type": 16, "object_id": "11", "object_repr": "68184C687FFB4CC7A747016F87620452", "action_flag": 3, "change_message": ""}}, {"model": "admin.logentry", "pk": 127, "fields": {"action_time": "2021-10-25T10:46:44.022Z", "user": 1, "content_type": 16, "object_id": "10", "object_repr": "5E92004352EC4F928C12B80280543877", "action_flag": 3, "change_message": ""}}, {"model": "admin.logentry", "pk": 128, "fields": {"action_time": "2021-10-25T10:46:44.056Z", "user": 1, "content_type": 16, "object_id": "9", "object_repr": "CB4E7DB1E0814148B9CBF6DB15C37930", "action_flag": 3, "change_message": ""}}, {"model": "admin.logentry", "pk": 129, "fields": {"action_time": "2021-10-25T10:46:44.090Z", "user": 1, "content_type": 16, "object_id": "8", "object_repr": "A9919BE721584D579E44A43477633A22", "action_flag": 3, "change_message": ""}}, {"model": "admin.logentry", "pk": 130, "fields": {"action_time": "2021-10-25T10:46:44.119Z", "user": 1, "content_type": 16, "object_id": "7", "object_repr": "0C6B86DF271D448A81C8365C12243C63", "action_flag": 3, "change_message": ""}}, {"model": "admin.logentry", "pk": 131, "fields": {"action_time": "2021-10-25T10:47:03.284Z", "user": 1, "content_type": 20, "object_id": "26", "object_repr": "ProductReview object (26)", "action_flag": 3, "change_message": ""}}, {"model": "admin.logentry", "pk": 132, "fields": {"action_time": "2021-10-25T10:47:03.306Z", "user": 1, "content_type": 20, "object_id": "25", "object_repr": "ProductReview object (25)", "action_flag": 3, "change_message": ""}}, {"model": "admin.logentry", "pk": 133, "fields": {"action_time": "2021-10-25T10:47:03.337Z", "user": 1, "content_type": 20, "object_id": "24", "object_repr": "ProductReview object (24)", "action_flag": 3, "change_message": ""}}, {"model": "admin.logentry", "pk": 134, "fields": {"action_time": "2021-10-25T10:47:03.364Z", "user": 1, "content_type": 20, "object_id": "23", "object_repr": "ProductReview object (23)", "action_flag": 3, "change_message": ""}}, {"model": "admin.logentry", "pk": 135, "fields": {"action_time": "2021-10-25T10:47:03.389Z", "user": 1, "content_type": 20, "object_id": "22", "object_repr": "ProductReview object (22)", "action_flag": 3, "change_message": ""}}, {"model": "admin.logentry", "pk": 136, "fields": {"action_time": "2021-10-25T10:47:03.413Z", "user": 1, "content_type": 20, "object_id": "21", "object_repr": "ProductReview object (21)", "action_flag": 3, "change_message": ""}}, {"model": "admin.logentry", "pk": 137, "fields": {"action_time": "2021-10-25T10:47:03.438Z", "user": 1, "content_type": 20, "object_id": "20", "object_repr": "ProductReview object (20)", "action_flag": 3, "change_message": ""}}, {"model": "admin.logentry", "pk": 138, "fields": {"action_time": "2021-10-25T10:47:03.467Z", "user": 1, "content_type": 20, "object_id": "19", "object_repr": "ProductReview object (19)", "action_flag": 3, "change_message": ""}}, {"model": "admin.logentry", "pk": 139, "fields": {"action_time": "2021-10-25T10:47:03.487Z", "user": 1, "content_type": 20, "object_id": "18", "object_repr": "ProductReview object (18)", "action_flag": 3, "change_message": ""}}, {"model": "admin.logentry", "pk": 140, "fields": {"action_time": "2021-10-25T10:47:03.506Z", "user": 1, "content_type": 20, "object_id": "16", "object_repr": "ProductReview object (16)", "action_flag": 3, "change_message": ""}}, {"model": "admin.logentry", "pk": 141, "fields": {"action_time": "2021-10-25T10:47:03.535Z", "user": 1, "content_type": 20, "object_id": "15", "object_repr": "ProductReview object (15)", "action_flag": 3, "change_message": ""}}, {"model": "admin.logentry", "pk": 142, "fields": {"action_time": "2021-10-25T10:47:03.564Z", "user": 1, "content_type": 20, "object_id": "8", "object_repr": "ProductReview object (8)", "action_flag": 3, "change_message": ""}}, {"model": "admin.logentry", "pk": 143, "fields": {"action_time": "2021-10-25T10:47:03.588Z", "user": 1, "content_type": 20, "object_id": "5", "object_repr": "ProductReview object (5)", "action_flag": 3, "change_message": ""}}, {"model": "admin.logentry", "pk": 144, "fields": {"action_time": "2021-10-25T10:47:20.584Z", "user": 1, "content_type": 19, "object_id": "10", "object_repr": "Another comment", "action_flag": 3, "change_message": ""}}, {"model": "admin.logentry", "pk": 145, "fields": {"action_time": "2021-10-25T10:47:20.605Z", "user": 1, "content_type": 19, "object_id": "9", "object_repr": "Blog post comment", "action_flag": 3, "change_message": ""}}, {"model": "admin.logentry", "pk": 146, "fields": {"action_time": "2021-10-25T10:47:20.632Z", "user": 1, "content_type": 19, "object_id": "7", "object_repr": "Another more recent comment", "action_flag": 3, "change_message": ""}}, {"model": "admin.logentry", "pk": 147, "fields": {"action_time": "2021-10-25T10:47:20.656Z", "user": 1, "content_type": 19, "object_id": "6", "object_repr": "New comment", "action_flag": 3, "change_message": ""}}, {"model": "auth.user", "pk": 1, "fields": {"password": "pbkdf2_sha256$260000$XWmGWtNflpUbK7PevSy7yV$96wQAUT+FgtVnSmEBbd3G9DaFYFI56b7wIY7uk4kiYU=", "last_login": "2021-10-25T10:46:20.191Z", "is_superuser": true, "username": "UASuperUser", "first_name": "", "last_name": "", "email": "uasuperuser@anemail.com", "is_staff": true, "is_active": true, "date_joined": "2021-09-30T06:25:17.670Z", "groups": [], "user_permissions": []}}, {"model": "auth.user", "pk": 2, "fields": {"password": "pbkdf2_sha256$260000$o4f5O90W7Vb8bvbuGg56il$9/Aw0nXaCUczBoHtHNaOrLuNIqWt+/FDyrNxQC8nFR8=", "last_login": "2021-10-23T18:02:46.746Z", "is_superuser": false, "username": "MattL", "first_name": "", "last_name": "", "email": "matt@test.com", "is_staff": false, "is_active": true, "date_joined": "2021-10-10T07:41:03.520Z", "groups": [], "user_permissions": []}}, {"model": "auth.user", "pk": 3, "fields": {"password": "pbkdf2_sha256$260000$EbKJslfD1UNaTjL1fgIY8R$5dHKaNeaFo7PRgl4aATa6cnNacGXrAcF3202fSLsLbY=", "last_login": "2021-10-21T22:11:50.690Z", "is_superuser": false, "username": "JaneD", "first_name": "", "last_name": "", "email": "jane@test.com", "is_staff": false, "is_active": true, "date_joined": "2021-10-21T22:08:47.939Z", "groups": [], "user_permissions": []}}, {"model": "sessions.session", "pk": "0ckq5kwj232zh9nbt40oobval1q8r3bj", "fields": {"session_data": ".eJx9jDsOgzAQRO-ydWRhG2ygTJ8zWLteOzgfkDAUCeLuAYmGJs0U897MAh7HCdoFyj3SFN7Z0cfl9A178YZWrusFqj90ww7nqXNzDqNLDC1IOHWE_hn6HfAD-_sg_NBPYyKxK-KgWdwGDq_r4Z4OOszdtlaaFJVobKOqQpdsTINkJbMPGH1RcK056sBRkUZT11IWEdFabyw1VcWw_gBTeU82:1mY9ss:zvvvUcV_59wwQzk4n5ZYI7I3B-AzQBdMrXBdG2xUroY", "expire_date": "2021-10-20T16:35:10.895Z"}}, {"model": "sessions.session", "pk": "0wzx9cqq0fbde6y3ctr3u7f6h8d3xxpp", "fields": {"session_data": "eyJzYXZlX2luZm8iOmZhbHNlLCJjYXJ0Ijp7IjI4Ijp7Iml0ZW1zX2J5X3NpemUiOnsiVUsgNyI6MX19fX0:1mdwu0:wtZIzY_yNACKEDz32t2DQluN1SSRIAe1PyxceH3_svE", "expire_date": "2021-11-05T15:56:16.976Z"}}, {"model": "sessions.session", "pk": "0xdbg9kobitzmchr0e2tq8p48rq0czyw", "fields": {"session_data": "eyJzYXZlX2luZm8iOmZhbHNlLCJjYXJ0Ijp7IjMiOnsiaXRlbXNfYnlfc2l6ZSI6eyJtIjoxfX19fQ:1ma3Yv:RYZ_9nLBcwq6VqKFbk5meNykNez5zTVr6mEUywqfYBk", "expire_date": "2021-10-25T22:14:25.320Z"}}, {"model": "sessions.session", "pk": "31sz3kyjlu6iei53wfom3tolirwh73ud", "fields": {"session_data": ".eJxVjz1vgzAQhv-KdTNCNg6fY_dMHUNkne0jOCEQYSOVRvz3moqhXW543g_d-waFS-jV4mlWzkIDApK_TKN50LgL9o7jbUrNNIbZ6XS3pIfq0_Nkafg4vP8KevR9TGdSZ_qERVlnOZcnWxQ16lJYawg7w7mtpO0k2S7TEouqEoJ3iGVpilLXef5b6sl7N42Kvl5uXqHhCRicAzRvqPfjAj290qvy7pt2cIZGbNsWo88YxRv5-Mnl0oJSdx-LDtpCwnjCsjxhLXwuxkTcLcOwsjiKAlkm2Wue7GKCT1u4XmH7ARtrZ84:1mavND:Wvxa91Si9LxsOIA1IphJ8o0Dvkn6cChnJUTVbKnzPvc", "expire_date": "2021-10-28T07:41:55.856Z"}}, {"model": "sessions.session", "pk": "35pq7h439w2w06oa88lbsr49wvaczq9r", "fields": {"session_data": "eyJjYXJ0Ijp7IjYiOjN9fQ:1mY3dz:eDQLboe5a3X2DxEyDRkMhAfhdoR6ZxAE6C41iMF3bEw", "expire_date": "2021-10-20T09:55:23.869Z"}}, {"model": "sessions.session", "pk": "3na4spem9j51khtvkfij0sja1pllkt15", "fields": {"session_data": ".eJxVjL1uwzAQg9_lZsOQrNiWNGbPMwh38rlWk0iBzwnyg757IyBDy4EDP5IvCHjdlnAVXkOawEMHzd-MMB45VzB9Y_4qbSx5WxO1tdJ-qLSHMvFp_-n-O1hQlvd6N-iexllFojn2o7XKGacG46I2mhwNSFZp47qditGhsxZxctYY7ByOuq-nwiKp5MD3S1of4FUDgjcOKc8F_Iwn4QYirhv4F_TV0sZnCfQIkp5cgzP47uetX2vBUcU:1ma2si:8o36186Q8K-Vi3-1g_owOUOIQ7Dq-xfcJe02GYvETs4", "expire_date": "2021-10-25T21:30:48.469Z"}}, {"model": "sessions.session", "pk": "3rj9yvb8lobs0sb2zvn3efsal97vm7cm", "fields": {"session_data": ".eJxtjrFuwyAQhl-lutlCYAzYjFmbTlWlbOiAc03S2JVxpKSR3724ytBKveGG__vu193B4WUZ3CXT7FIECwKq35nHcKJxA_GI4_vEwjQuc_JsU9iDZvYyRfrYPdw_BQPmoVzX0te-QW26WnHZRK079EbEGAj7wHlsZewlxb72EnXbCsF7RGOCNr5T6qc0U85pGh1dP9N8A8srCDgvYO_l67LSQufs_M3l9EVb8Pb8pJgCK9a1guZfZV9oBYdXsHIt8w24kVjB:1mdEzS:nbkTTbk0G4TZK8cZ5OFNHIzLDBWbKcc2yCnvokYnPO8", "expire_date": "2021-11-03T17:02:58.602Z"}}, {"model": "sessions.session", "pk": "3zkvhpb28do5easx30n8u7ne7kgf2ebz", "fields": {"session_data": "eyJzYXZlX2luZm8iOmZhbHNlLCJjYXJ0Ijp7IjQiOnsiaXRlbXNfYnlfc2l6ZSI6eyJtIjoxfX19fQ:1mYnEs:Gb1gUx3F7wKwwiCzkUGR36e8piPRXao4NIFdkOwTKEM", "expire_date": "2021-10-22T10:36:30.247Z"}}, {"model": "sessions.session", "pk": "5i0k8e1wrxgwmatvuhov4iqfpg7ugrsg", "fields": {"session_data": ".eJxVjDsOwjAQBe-yNbL8SewkJT1nsNbeNQkgW7ITGsTdIVKatG9m3gcavtkvORWY1rrxBTxu6-y3xtUvBBMoOG0B45PzDuiB-V5ELHmtSxC7Ig7axK0Qv66HezqYsc3_WpugQ4fWjbqXpiNrRwxOEUXGFKWkwVAyTEkHg3YYlJIJ0bloXRj7nuD7Az8kPn0:1mYYUA:GxP6t7SAMFmVfaS_O5p_lPLeGwYB19XLrU3AmVi948I", "expire_date": "2021-10-21T18:51:18.950Z"}}, {"model": "sessions.session", "pk": "5p9tlioyl93cv4swqwdi2vhp7k9hyu2u", "fields": {"session_data": "eyJjYXJ0Ijp7IjYiOjEsIjEiOnsiaXRlbXNfYnlfc2l6ZSI6eyJtIjoxfX19fQ:1mZqpY:qj2mhjiAlWm5T-cb4_0t90iKV1wRZS5ByN4xaLeFo9o", "expire_date": "2021-10-25T08:38:44.905Z"}}, {"model": "sessions.session", "pk": "65rjazy6dwe7sedzk3gfoyaaefrq10rv", "fields": {"session_data": ".eJxVjL0SgjAQhN_laoZJCCRAaW9lY5e55A6JP-AQmBEZ311wLHSLLfbb3QUsTmNrp8iDDQQ1SEh-M4f-wt0G6IzdqU99341DcOlWSb80pvue-Lr7dv8OWoztus6Uy1yO2lRZIVROWlfojCTyjI0XgkpFjWJqMqdQl6WUokE0xmvjqqL4nEaOMfSd5cc9DDPUIgGPwwj1AvlmYeRbtG62MTx5C44HqOVr1RuLVUzS:1mdat2:aUGiANHIcqueYf3iPt00mz1JOdlT-BJBVEXP9zRjuRU", "expire_date": "2021-11-04T16:25:48.255Z"}}, {"model": "sessions.session", "pk": "733rqi5hpfllb0bjp1m8sp0cm2tx7bnb", "fields": {"session_data": "e30:1maJKZ:DrVTAsdGBVGHahEcCmLZ0pqyR-VeiHBPOEZdRJ-NX0Y", "expire_date": "2021-10-26T15:04:39.583Z"}}, {"model": "sessions.session", "pk": "7ti77xh0n1nebvo3w1z964gcic88ms63", "fields": {"session_data": "eyJzYXZlX2luZm8iOmZhbHNlLCJjYXJ0Ijp7IjUiOnsiaXRlbXNfYnlfc2l6ZSI6eyJtIjoxfX19fQ:1mYlaN:e5WL4J5diQKjy2pJvJ60jpM0LJqmW-4ougSFQ6YbzU0", "expire_date": "2021-10-22T08:50:35.268Z"}}, {"model": "sessions.session", "pk": "7xlozfk89mcr3319se7q3s0vappn2pc7", "fields": {"session_data": ".eJxVjMsOwiAQRf-FtSE8Wmi7dO83kIEZLGqgKW2iMf671nSh23vOPU_mYF1Gt1aaXUI2MMkOv5uHcKW8AbxAPhceSl7m5Pmm8J1WfipIt-Pu_gVGqOPnrbRXvgFje9UK3aAxPXgrEQNBDEJgpzFqwqi8BtN1UooIYG0w1vdt-41WqjWV7Og-pfnBBvF6A5xNP5Y:1mavdr:f1cjM8initayhfAdzwERbjnsII1j3zDxcCb52fKQM54", "expire_date": "2021-10-28T07:59:07.340Z"}}, {"model": "sessions.session", "pk": "871d5nu4kzlgpe8pi3rsc9pr1ex91ngt", "fields": {"session_data": "eyJjYXJ0Ijp7IjUiOnsiaXRlbXNfYnlfc2l6ZSI6eyJtIjoxfX19fQ:1mZrd9:LBe8OWvGC8wBnvvBOVvuvcY6qso-oZo0ACDavA-4oIs", "expire_date": "2021-10-25T09:29:59.137Z"}}, {"model": "sessions.session", "pk": "93qg42lxu1tmjf791spham6eje6gzowd", "fields": {"session_data": ".eJxVjMsOwiAQRf-FtSE8Wmi7dO83kIEZLGqgKW2iMf671nSh23vOPU_mYF1Gt1aaXUI2MMkOv5uHcKW8AbxAPhceSl7m5Pmm8J1WfipIt-Pu_gVGqOPnrbRXvgFje9UK3aAxPXgrEQNBDEJgpzFqwqi8BtN1UooIYG0w1vdt-41WqjWV7Og-pfnBBvF6A5xNP5Y:1mVpyd:LWEbHhTs6FZWDhcIAQmDo-MI5-09LEnPJxw3oEuMGi0", "expire_date": "2021-10-14T06:55:31.704Z"}}, {"model": "sessions.session", "pk": "97qw2f9bu15nu7chgwawgfz7baf6og18", "fields": {"session_data": ".eJxVjMsOgjAQRf-la0L6gBZYuvcbmmlnKlXSGgpGY_x3xbDQ7T3nniezsC6jXQvNNiIbmGDV7-bAXyhtAM-QTrn2OS1zdPWm1Dst9TEjTYfd_QuMUMbPWyonXQPa9LLlqkGte3BGIHqC4DnHTmFQhEE6BbrrhOABwBivjevb9hstVErMydL9GucHG3jFCtzIxhQyGwJMhV5vTUNGBQ:1mcy7p:4o7hmXurYvqTFL2JenOxyc494s4kxX1e8pQ0vg3r1Ew", "expire_date": "2021-11-02T23:02:29.107Z"}}, {"model": "sessions.session", "pk": "a6p1x5yajrhp9d2pu5urke6obkbhf1fz", "fields": {"session_data": ".eJyrVkpOLCpRsqpWMgIRmSWpucXxSZXxxZlVqSCBXCUrw9paHSVDPLK1tQA4oRek:1mZqiB:EWKg1YrUBy5pRnsuDSvuhOImFed-dNst3u-0Xxt7gkc", "expire_date": "2021-10-25T08:31:07.489Z"}}, {"model": "sessions.session", "pk": "a8ypf7qn8sb0byks24kp7slz8030pbc5", "fields": {"session_data": ".eJxVjDsOgzAQBe-yNbL8wzYu0-cMaNdrB5IIJD4V4u6JJYqkfTNvDuhx34Z-X_PSjwwRFDS_G2F65akCfuL0mEWap20ZSVRFXHQV95nz-3a5f4EB1-H71oY0WXS-0600lp3rkLxiThlLkpKD4WIyF00GXQhKyYLofXKeurat0YTLBvEAC9E2YCDq8_wAwi09mg:1mXpBT:H3oaKEjYEncLgBlb0DZoU_gd6LnCXchOXhnwN60NvQQ", "expire_date": "2021-10-19T18:28:59.637Z"}}, {"model": "sessions.session", "pk": "ablplrhq0k4m837xk7zxxjqd74r0xbgi", "fields": {"session_data": "eyJjYXJ0Ijp7IjYiOjF9LCJzYXZlX2luZm8iOmZhbHNlfQ:1mZrk7:AFAACMXHakNENOlmShKBZP5Xpg54MN0KZFpRs7DTaX8", "expire_date": "2021-10-25T09:37:11.016Z"}}, {"model": "sessions.session", "pk": "alfrm96xkuqaecdktuu1dfimv7skcedo", "fields": {"session_data": ".eJxVjUtuwzAMBe_CdWBIlj-Sds1FBIqhYaGOXJhy0TTw3WsV2WRDgPPIeU8g3Ar4J3R1pMJ3CfERJP1yBXfw-jiOCwh-c0h5WsFPuAhfIOBe5rALbyHdwEMLbywifXKuAS5LxQ0SrXsuzf_NK5bm49w4l0RY0pqvr6831Ywyn55u0H0cJ0UxTtSP1ipnnBqMI210dHHAaJU2ru0UkUNnLeLNWWOwdTjqvkqFRc6awD9faXuAV8cfBWxWNw:1maEi2:BaB7qxpBZ3GAE_p8u368__f6sgCX-x_NflK53W9PPMw", "expire_date": "2021-10-26T10:08:34.034Z"}}, {"model": "sessions.session", "pk": "b34qwc6n0s3jyazh6sibkzcaqkj94iac", "fields": {"session_data": ".eJxVjMsOwiAQRf-FtSE8Wmi7dO83kIEZLGqgKW2iMf671nSh23vOPU_mYF1Gt1aaXUI2MMkOv5uHcKW8AbxAPhceSl7m5Pmm8J1WfipIt-Pu_gVGqOPnrbRXvgFje9UK3aAxPXgrEQNBDEJgpzFqwqi8BtN1UooIYG0w1vdt-41WqjWV7Og-pfnBBvF6A5xNP5Y:1mctZ2:DSf4dhpAdDpOslXuCJBZkkuOnHkTLw1C1T3soOaEjVI", "expire_date": "2021-11-02T18:10:16.661Z"}}, {"model": "sessions.session", "pk": "dnl8315l760ml1qp8aeyzg8ty0paozm6", "fields": {"session_data": ".eJxVj8FOwzAQRP8lZ4jWdrzrcOydb7DW3g0JRXFlp7QV4t9JUS-9zrx50vx08cStXUqVWLXpFo966946_oYryCuSJQ9kkDwKoA3sHDMDWTsEDL576SKftzmem9a4yL40z1nifNT1Xsgnrx-lz2Xd6pL6O9I_2ta_F9Gvw4N9Eszc5n1tXbJpYKTRenCDII6cyIhk5SkDSHAyOZXJJscYgjEwMRNlpDR6_y9t2tpS1qjX01L3l_D7BzeBUjM:1mewmc:_ZksMRw0AhEMhiROI3DDjZGJJk5O97nV9hG_b7kNtnA", "expire_date": "2021-11-08T10:00:46.277Z"}}, {"model": "sessions.session", "pk": "fc59olqt3n5hwhd0jnlwnnft7s91rcq5", "fields": {"session_data": ".eJxVjMsOgjAQRf-la0L6gBZYuvcbmmlnKlXSGgpGY_x3xbDQ7T3nniezsC6jXQvNNiIbmGDV7-bAXyhtAM-QTrn2OS1zdPWm1Dst9TEjTYfd_QuMUMbPWyonXQPa9LLlqkGte3BGIHqC4DnHTmFQhEE6BbrrhOABwBivjevb9hstVErMydL9GucHG3jFCtzIxhQyGwJMhV5vTUNGBQ:1mdJ4O:89aNufUEXy5ylgOhZCH5MozjRAuE72XKBaTAMTJM-4g", "expire_date": "2021-11-03T21:24:20.246Z"}}, {"model": "sessions.session", "pk": "fhlq2ambc4ls1huif1jqs62uu16g71np", "fields": {"session_data": ".eJyrVkpOLCpRsqpWMgURmSWpucXxSZXxxZlVqSCBXCUrw9paHSUjPLJA6eLEstT4zLy0fCWrtMSc4tRaABuAHhc:1mZrPP:BvmDvspl9OIGbO79AHQT-fr0i159luD3yYnjmR_q9jw", "expire_date": "2021-10-25T09:15:47.731Z"}}, {"model": "sessions.session", "pk": "l827mnczcci5z726n8zv719xb126hmqf", "fields": {"session_data": ".eJx9jM0OgjAQhN9lz4S0lJ8uR-8-Q7NbilQFDIVEJLy7NuGgFy9zmO-b2cDQMndmCW4yvoEaMki-OyZ7c0MEzZWGy5jacZgnz2lU0oOG9Dw27n463J-DjkL3WeelLLhqhWVubVFpLVChKBVaqSQjl8RaSIVZLqxFQq2JGtRKUYZUySKeBheCHwfjng8_rVCLBCxNM9Qb5DH87PpgeDXBv1wseqjlvieg_tB9fwMzWVUx:1mZqMW:T3qarAuPjuryJErnT5pLiYJWR-yxf9NkZ4UzP9f6xyU", "expire_date": "2021-10-25T08:08:44.497Z"}}, {"model": "sessions.session", "pk": "lcstq9fvxyh3wdrf6y70z8he9qzk2nge", "fields": {"session_data": ".eJxVjMsOwiAQRf-FtSE8Wmi7dO83kIEZLGqgKW2iMf671nSh23vOPU_mYF1Gt1aaXUI2MMkOv5uHcKW8AbxAPhceSl7m5Pmm8J1WfipIt-Pu_gVGqOPnrbRXvgFje9UK3aAxPXgrEQNBDEJgpzFqwqi8BtN1UooIYG0w1vdt-41WqjWV7Og-pfnBBvF6A5xNP5Y:1mayVn:Kg_R2f3tHLmO6Lvo0NAshPId3cpgwfLJCItCzDSVb-4", "expire_date": "2021-10-28T11:02:59.569Z"}}, {"model": "sessions.session", "pk": "m8e9wz3hn3zn3p4y6too8szxj3cewou3", "fields": {"session_data": "eyJjYXJ0Ijp7IjQiOnsiaXRlbXNfYnlfc2l6ZSI6eyJtIjoyfX19fQ:1mZTHp:Cy40z58RQaIrePmOM-kO8pt1YGhUnDQc0L_2rrMdEvI", "expire_date": "2021-10-24T07:30:21.451Z"}}, {"model": "sessions.session", "pk": "po00ppfzvk3yaqi0tn673duobe7zh9ws", "fields": {"session_data": ".eJxVjMEOgjAQRP9lz4RQCi1w9Kzf0Gy7W6kiJBRMlPjv0oSDzmEO82ZmA4Pr0ps18mwCQQcCst_MorvzmADdcLxOuZvGZQ42T5X8oDG_TMTD6ej-HfQY-31dSlvaCpVuy7qQFSnVotWCyDF6VxTUSPKSyZdWomoaIQqPqLVT2rZ1nU4jPtmE0U_QeRwiZ-BwXqDboEoWFn5EY18mhjen4Ayd-Oz6ApxQS6U:1maZfv:H8d2M3WpLSrZuXNAwliEE67sw8LXitgUp45BvMO2OW8", "expire_date": "2021-10-27T08:31:47.727Z"}}, {"model": "sessions.session", "pk": "qdh8m3zz2cbpdhae1nrzruvr9pp2i1gp", "fields": {"session_data": "eyJjYXJ0Ijp7IjEiOnsiaXRlbXNfYnlfc2l6ZSI6eyJ4cyI6MTB9fSwiNiI6NX19:1mY3Zu:afkVBRdu7ns2SbCKsYWhFKZ3LdukMhJwgn0xRXygMiQ", "expire_date": "2021-10-20T09:51:10.828Z"}}, {"model": "sessions.session", "pk": "qimhvu0zntxacp5e12f704gmz1edn12a", "fields": {"session_data": ".eJxVjDsOwjAQBe_iGln-xD9Kes5g7XptHEC2FCcV4u4QKQW0b2bei0XY1hq3kZc4EzszyU6_G0J65LYDukO7dZ56W5cZ-a7wgw5-7ZSfl8P9O6gw6rdWGhVOYF1QRuiJrA2AThKlDCUJQV5T0ZmKQg3WeylFAXAuWYfBGGLvD-sDOFk:1mexVg:zEsre_cVU_cRHaeAOx0ZOS87QREUtJBl_Wm8nOMsgr0", "expire_date": "2021-11-08T10:47:20.784Z"}}, {"model": "sessions.session", "pk": "r5cb6lpnhmtrjnilatvpyyba2qs1z7a5", "fields": {"session_data": ".eJxVjMsOwiAQRf-FtSE8Wmi7dO83kIEZLGqgKW2iMf671nSh23vOPU_mYF1Gt1aaXUI2MMkOv5uHcKW8AbxAPhceSl7m5Pmm8J1WfipIt-Pu_gVGqOPnrbRXvgFje9UK3aAxPXgrEQNBDEJgpzFqwqi8BtN1UooIYG0w1vdt-41WqjWV7Og-pfnBBvF6A5xNP5Y:1mc88e:HLlsQtFsOS1ABrlzjUOSB2tx2rWhtN6-O5knJ4AswZY", "expire_date": "2021-10-31T15:31:52.778Z"}}, {"model": "sessions.session", "pk": "uviv33w0mrsq8fwjm9gvy7ur6du7sxec", "fields": {"session_data": "eyJjYXJ0Ijp7IjIiOnsiaXRlbXNfYnlfc2l6ZSI6eyJtIjoxfX19fQ:1mY9un:8qWsegJ76YfHo8mKGNtUMh3FaYCcAZhbbfd1JA35O0I", "expire_date": "2021-10-20T16:37:09.423Z"}}, {"model": "sessions.session", "pk": "w9onzqcg63bjwcsx4jvzq6sowzx9384w", "fields": {"session_data": ".eJxtjEEKgzAQRe8yaxGTaKIuu-8ZwiQTa1qrYCLYinevATdCN_Phv_dnA4tzhHaDMh0f3Tto89HBf10q3tCyDNZwxL5nwP5K63BimTIDjUvs9RLcrD1Be6wunUH7cmMC9MTxMeV2GuPsTZ6U_KQhv0_khtvpXh70GPpjzYXhpkSpGl4VoiQpGzSKEVmHnS0KqgV1wlHHjUBZ14wVHaJSVirTVBXB_gPOiVKA:1mXrci:P9gah0q-VcBExCGCwzQEwLyIJ6Q7i33h5A3YAO1KtMQ", "expire_date": "2021-10-19T21:05:16.527Z"}}, {"model": "sites.site", "pk": 1, "fields": {"domain": "urbanattiva.example.com", "name": "Urban Attiva"}}, {"model": "account.emailaddress", "pk": 1, "fields": {"user": 1, "email": "uasuperuser@anemail.com", "verified": true, "primary": true}}, {"model": "account.emailaddress", "pk": 2, "fields": {"user": 2, "email": "matt@test.com", "verified": true, "primary": true}}, {"model": "account.emailaddress", "pk": 3, "fields": {"user": 3, "email": "jane@test.com", "verified": true, "primary": true}}, {"model": "products.category", "pk": 1, "fields": {"name": "running_wear", "friendly_name": "Running Wear"}}, {"model": "products.category", "pk": 2, "fields": {"name": "running_shoes", "friendly_name": "Running Shoes"}}, {"model": "products.category", "pk": 3, "fields": {"name": "running_tech", "friendly_name": "Running Tech"}}, {"model": "products.category", "pk": 4, "fields": {"name": "running_bags", "friendly_name": "Running Bags"}}, {"model": "products.category", "pk": 5, "fields": {"name": "swimwear", "friendly_name": "Swimwear"}}, {"model": "products.category", "pk": 6, "fields": {"name": "wetsuits", "friendly_name": "Wetsuits"}}, {"model": "products.category", "pk": 7, "fields": {"name": "swimming_tech", "friendly_name": "Swimming Tech"}}, {"model": "products.category", "pk": 8, "fields": {"name": "swimming_bags", "friendly_name": "Swimming Bags"}}, {"model": "products.category", "pk": 9, "fields": {"name": "cycling_wear", "friendly_name": "Cycling Wear"}}, {"model": "products.category", "pk": 10, "fields": {"name": "cycling_shoes", "friendly_name": "Cycling Shoes"}}, {"model": "products.category", "pk": 11, "fields": {"name": "cycling_helmets", "friendly_name": "Cycling Helmets"}}, {"model": "products.category", "pk": 12, "fields": {"name": "cycling_tech", "friendly_name": "Cycling Tech"}}, {"model": "products.category", "pk": 13, "fields": {"name": "energy", "friendly_name": "Energy"}}, {"model": "products.category", "pk": 14, "fields": {"name": "hydration", "friendly_name": "Hydration"}}, {"model": "products.category", "pk": 15, "fields": {"name": "protein", "friendly_name": "Protein"}}, {"model": "products.category", "pk": 16, "fields": {"name": "recovery", "friendly_name": "Recovery"}}, {"model": "products.product", "pk": 1, "fields": {"category": 2, "sku": "SKU00001", "name": "Running Shoe Example 1", "description": "Designed by athletes for athletes, the 4DFWD Running Shoes from adidas feature a premium fit alongside a 3D-printed midsole that works in harmony with the outsole to shift energy forward so you glide through your transition for an effortless ride.", "price": "53.72", "on_sale": false, "discount_percent": "10.00", "rating": "4.60", "size": "UK 4,UK 4.5,UK 5,UK 5.5,UK 6,UK 6.5,UK 7,UK 7.5,UK 8,UK 8.5,UK 9,UK 9.5,UK 10,UK 10.5", "has_sizes": true, "image_url": null, "image": "running-shoes-7.jpeg"}}, {"model": "products.product", "pk": 2, "fields": {"category": 2, "sku": "SKU00002", "name": "Running Shoe Example 2", "description": "Perform at your best across hard and rocky paths and trails in the TRAILFLY ULTRA G 300 MAX Trail Running Shoes from Inov-8. With an enhanced midsole for responsive cushioning and a max traction outsole for advanced grip on technical terrain.", "price": "58.99", "on_sale": false, "discount_percent": null, "rating": "5.00", "size": "UK 4,UK 4.5,UK 5,UK 5.5,UK 6,UK 6.5,UK 7,UK 7.5,UK 8,UK 8.5,UK 9,UK 9.5,UK 10,UK 10.5,UK 11,UK 11.5,UK 12,UK 12.5", "has_sizes": true, "image_url": null, "image": "running-shoes-6.jpeg"}}, {"model": "products.product", "pk": 4, "fields": {"category": 2, "sku": "SKU00004", "name": "Running Shoe Example 2", "description": "Perform at your best across hard and rocky paths and trails in the TRAILFLY ULTRA G 300 MAX Trail Running Shoes from Inov-8. With an enhanced midsole for responsive cushioning and a max traction outsole for advanced grip on technical terrain.", "price": "169.99", "on_sale": true, "discount_percent": "10.00", "rating": "3.00", "size": "XS,S,M,L,XL,XXL", "has_sizes": true, "image_url": null, "image": "running-shoes-5.jpeg"}}, {"model": "products.product", "pk": 5, "fields": {"category": 2, "sku": "SKU00005", "name": "Running Shoe Example 1", "description": "Designed by athletes for athletes, the 4DFWD Running Shoes from adidas feature a premium fit alongside a 3D-printed midsole that works in harmony with the outsole to shift energy forward so you glide through your transition for an effortless ride.", "price": "32.99", "on_sale": false, "discount_percent": null, "rating": "5.00", "size": "XS,S,M,L,XL,XXL", "has_sizes": true, "image_url": null, "image": "running-shoes-4.jpeg"}}, {"model": "products.product", "pk": 6, "fields": {"category": 2, "sku": "SKU00006", "name": "Running Shoe Example 2", "description": "Perform at your best across hard and rocky paths and trails in the TRAILFLY ULTRA G 300 MAX Trail Running Shoes from Inov-8. With an enhanced midsole for responsive cushioning and a max traction outsole for advanced grip on technical terrain.", "price": "30.99", "on_sale": false, "discount_percent": null, "rating": "4.70", "size": "UK 6,UK 6.5,UK 7,UK 7.5,UK 8,UK 8.5,UK 9,UK 9.5,UK 10,UK 10.5,UK 11,UK 11.5", "has_sizes": true, "image_url": null, "image": "running-shoes-3.jpeg"}}, {"model": "products.product", "pk": 27, "fields": {"category": 2, "sku": "SKU0100", "name": "Running Shoes Black", "description": "Black running shoes for trails", "price": "100.00", "on_sale": false, "discount_percent": null, "rating": null, "size": "UK 4,UK 4.5,UK 5,UK 5.5,UK 6,UK 6.5,UK 7,UK 7.5,UK 8,UK 8.5,UK 9,UK 9.5,UK 10,UK 10.5,UK 11,UK 11.5,UK 12,UK 12.5", "has_sizes": true, "image_url": null, "image": "running-shoes-8.jpeg"}}, {"model": "products.product", "pk": 28, "fields": {"category": 2, "sku": "SKU0101", "name": "Running Shoes Grey", "description": "Grey running shoes", "price": "90.00", "on_sale": false, "discount_percent": null, "rating": "4.00", "size": "UK 7,UK 7.5,UK 8,UK 8.5,UK 9,UK 9.5,UK 10,UK 10.5,UK 11,UK 11.5,UK 12,UK 12.5", "has_sizes": true, "image_url": null, "image": "running-shoes-1.jpeg"}}, {"model": "products.product", "pk": 29, "fields": {"category": 2, "sku": "SKU0102", "name": "Beige Running Shoes", "description": "Beige running shoes", "price": "110.00", "on_sale": false, "discount_percent": null, "rating": "4.50", "size": "UK 6,UK 6.5,UK 7,UK 7.5,UK 8,UK 8.5,UK 9,UK 9.5,UK 10,UK 10.5,UK 11,UK 11.5,UK 12,UK 12.5", "has_sizes": true, "image_url": null, "image": "running-shoes-2.jpeg"}}, {"model": "products.product", "pk": 30, "fields": {"category": 3, "sku": "SKU0108", "name": "Girman 500 GPSX Running Watch", "description": "GPS running watch with mapping capability. Map your routes and let the watch guide you whilst it records all run data.", "price": "350.00", "on_sale": false, "discount_percent": null, "rating": null, "size": "S,M,L", "has_sizes": true, "image_url": null, "image": "running-tech-4.jpeg"}}, {"model": "products.product", "pk": 31, "fields": {"category": 3, "sku": "SKU0109", "name": "FitBat Activity Tracker", "description": "Track all your activities with this state of the art activity tracker", "price": "120.00", "on_sale": false, "discount_percent": null, "rating": "5.00", "size": "S,M,L", "has_sizes": true, "image_url": null, "image": "running-tech-1.jpeg"}}, {"model": "products.product", "pk": 32, "fields": {"category": 3, "sku": "SKU0110", "name": "Girman 235 Running Watch", "description": "Track all your run data and listen to music on the go.", "price": "235.00", "on_sale": false, "discount_percent": null, "rating": null, "size": "S,M,L", "has_sizes": true, "image_url": null, "image": "running-tech-3.jpeg"}}, {"model": "products.product", "pk": 33, "fields": {"category": 5, "sku": "SKU0111", "name": "Mens Close Fit Swimming Shorts", "description": "Mens swimming shorts", "price": "25.00", "on_sale": false, "discount_percent": null, "rating": null, "size": "S,M,L,XL,XXL", "has_sizes": true, "image_url": null, "image": "swim-wear-2.jpeg"}}, {"model": "products.product", "pk": 34, "fields": {"category": 5, "sku": "SKU0112", "name": "Long Sleeve Rash Vest", "description": "Rash vest for sea swimming", "price": "22.99", "on_sale": false, "discount_percent": null, "rating": null, "size": "XS,S,M,L,XL,XXL", "has_sizes": true, "image_url": null, "image": "swim-wear-1.jpeg"}}, {"model": "products.product", "pk": 35, "fields": {"category": 7, "sku": "SKU0113", "name": "Anti-fog Swimming Googles", "description": "Essential anti-fog swimming goggles. One size fits all.", "price": "25.00", "on_sale": false, "discount_percent": null, "rating": null, "size": "", "has_sizes": false, "image_url": null, "image": "swim-accessories-1.jpeg"}}, {"model": "products.product", "pk": 36, "fields": {"category": 13, "sku": "SKU0114", "name": "Pre Workout Powder - 500g", "description": "Pre workout fuel", "price": "25.00", "on_sale": false, "discount_percent": null, "rating": null, "size": "", "has_sizes": false, "image_url": null, "image": "nitrition-energy-1.jpeg"}}, {"model": "products.product", "pk": 37, "fields": {"category": 13, "sku": "SKU0115", "name": "Complex Carbohydrate Powder - 500g", "description": "Complex carbohydrate powder", "price": "25.00", "on_sale": false, "discount_percent": null, "rating": null, "size": "", "has_sizes": false, "image_url": null, "image": "nitrition-energy-2.jpeg"}}, {"model": "products.product", "pk": 38, "fields": {"category": 13, "sku": "SKU0116", "name": "L-Carnitine - 500g", "description": "L-Carnitine powder for mixing into a shake", "price": "26.99", "on_sale": false, "discount_percent": null, "rating": null, "size": "", "has_sizes": false, "image_url": null, "image": "nitrition-energy-3.jpeg"}}, {"model": "products.product", "pk": 39, "fields": {"category": 16, "sku": "SKU0117", "name": "BCAA Supplement Powder - 500g", "description": "BCAA supplement powder", "price": "30.99", "on_sale": false, "discount_percent": null, "rating": null, "size": "", "has_sizes": false, "image_url": null, "image": "nutrition-recovery-1.jpeg"}}, {"model": "products.product", "pk": 40, "fields": {"category": 16, "sku": "SKU0118", "name": "Glutamine Supplement - 500g", "description": "Glutamine supplement powder", "price": "28.99", "on_sale": false, "discount_percent": null, "rating": null, "size": "", "has_sizes": false, "image_url": null, "image": "nutrition-recovery-2.jpeg"}}, {"model": "products.product", "pk": 41, "fields": {"category": 10, "sku": "SKU0119", "name": "Mountain Bike Shoes", "description": "Mountain bike shoes", "price": "90.00", "on_sale": false, "discount_percent": null, "rating": null, "size": "UK 5,UK 5.5,UK 6,UK 6.5,UK 7,UK 7.5,UK 8,UK 8.5,UK 9,UK 9.5,UK 10,UK 10.5,UK 11,UK 11.5", "has_sizes": true, "image_url": null, "image": "cycling-shoes-6.jpeg"}}, {"model": "products.product", "pk": 42, "fields": {"category": 10, "sku": "SKU0120", "name": "Road Cycling Shoes", "description": "Cycling shoes", "price": "120.00", "on_sale": false, "discount_percent": null, "rating": null, "size": "UK 6,UK 6.5,UK 7,UK 7.5,UK 8,UK 8.5,UK 9,UK 9.5,UK 10,UK 10.5,UK 11,UK 11.5,UK 12,UK 12.5", "has_sizes": true, "image_url": null, "image": "cycling-shoes-5.jpeg"}}, {"model": "products.product", "pk": 43, "fields": {"category": 10, "sku": "SKU0121", "name": "Road Cycling Shoes", "description": "Road cycling shoes", "price": "105.00", "on_sale": true, "discount_percent": "10.00", "rating": null, "size": "UK 4,UK 4.5,UK 5,UK 5.5,UK 6,UK 6.5,UK 7,UK 7.5,UK 8,UK 8.5,UK 9,UK 9.5,UK 10,UK 10.5", "has_sizes": true, "image_url": null, "image": "cycling-shoes-4.jpeg"}}, {"model": "products.product", "pk": 44, "fields": {"category": 10, "sku": "SKU0122", "name": "Hybrid Cycling Shoes", "description": "Hybrid cycling shoes", "price": "100.00", "on_sale": false, "discount_percent": null, "rating": null, "size": "UK 4,UK 4.5,UK 5,UK 5.5,UK 6,UK 6.5,UK 7,UK 7.5,UK 8,UK 8.5,UK 9,UK 9.5,UK 10,UK 10.5,UK 11,UK 11.5", "has_sizes": true, "image_url": null, "image": "cycling-shoes-3.jpeg"}}, {"model": "products.product", "pk": 45, "fields": {"category": 10, "sku": "SKU0123", "name": "Road Cycling Shoes", "description": "Road cycling shoes", "price": "85.00", "on_sale": false, "discount_percent": null, "rating": null, "size": "UK 6,UK 6.5,UK 7,UK 7.5,UK 8,UK 8.5,UK 9,UK 9.5,UK 10,UK 10.5,UK 11,UK 11.5", "has_sizes": true, "image_url": null, "image": "cycling-shoes-1.jpeg"}}, {"model": "profiles.userprofile", "pk": 1, "fields": {"user": 1, "default_phone_number": "1234567890", "default_street_address1": "123", "default_street_address2": null, "default_town_or_city": "Town", "default_county": null, "default_postcode": null, "default_country": "BS"}}, {"model": "profiles.userprofile", "pk": 2, "fields": {"user": 2, "default_phone_number": "01234567890", "default_street_address1": "anywhere", "default_street_address2": null, "default_town_or_city": "anywhere", "default_county": "anywhere", "default_postcode": "12345", "default_country": "GB"}}, {"model": "profiles.userprofile", "pk": 3, "fields": {"user": 3, "default_phone_number": "", "default_street_address1": "", "default_street_address2": null, "default_town_or_city": "", "default_county": null, "default_postcode": null, "default_country": ""}}, {"model": "blog.blogpost", "pk": 16, "fields": {"author": 1, "title": "sfdggd", "intro": "dgsgsdgd", "content": "ggdsdggdgd", "image_url": null, "image": "cyclist_CSciEE3.jpg", "date": "2021-10-17T17:21:15.215Z"}}, {"model": "blog.blogpost", "pk": 19, "fields": {"author": 1, "title": "freweff", "intro": "fefeffe", "content": "effefefef", "image_url": null, "image": "todd-quackenbush-E9PJO_vL3E8-unsplash.jpg", "date": "2021-10-17T21:30:55.800Z"}}, {"model": "blog.blogpost", "pk": 20, "fields": {"author": 1, "title": "First Urban Attiva Blog", "intro": "Blog introduction", "content": "Blog content text text text text text text text text text text text text text text text text text text text text text text text text text text text text text text text text text text text text text text text text", "image_url": null, "image": "swimmer_zypCEWH.jpg", "date": "2021-10-17T23:08:02.334Z"}}, {"model": "blog.blogpost", "pk": 21, "fields": {"author": 1, "title": "The Humber Swim", "intro": "Great to see the team at The Humber Swim this weekend", "content": "What an amazing day yesterday was at the final Humber Swim of 2021! Thank you to Sarah and Frank Scholes for allowing Urban Attiva and our Wild Swimming Tow Floats to be the official tow float of the event. \r\nIn aid of The Humber Rescue, so far this years swims have raised an impressive 20,000 towards the vital life saving duties they perform, on what is described as one of the most dangerous stretches of water in the world, owing to its strong currents and ever changing sandbanks. \r\nWell be back next year for the massive 9 swims across the Humber! \r\n\r\n ", "image_url": null, "image": "Humber_Swim.jpg", "date": "2021-10-24T13:06:42.735Z"}}]